{"band_positions": [[4, 0, 1675, 1042]], "image_features": [{"width": 1684, "height": 1190, "edge_density": 0.08897033872931595, "brightness": 0.8250860746701922}]}